{
  "cash": 9986.199,
  "initial_cash": 10000.0,
  "holdings": {},
  "total_profit": -8.80099999999993,
  "created_at": "2026-03-24T09:58:36.020193"
}